Date,Longitude,Latitude,Aerosol_Optical_Thickness
2013-07-01,46.99357,24.531523,0.20386055
2013-07-01,46.716106,24.791939,0.15981814
2013-07-01,46.631046,24.771181,0.13525756
2013-07-01,46.5454,24.7502,0.10016822
2013-07-01,46.955547,24.855581,0.3149302
2013-07-01,46.8728,24.834982,0.19628052
2013-07-01,46.789696,24.81424,0.19131707
2013-07-01,46.706425,24.793411,0.18315056
2013-07-01,46.536087,24.750618,0.10210834
2013-07-01,46.928146,24.952192,0.3066498
2013-07-01,46.844788,24.931961,0.25166187
2013-07-01,46.761436,24.911684,0.102103576
2013-07-01,46.79946,24.81224,0.20484415
2013-07-01,46.67791,24.891312,0.14539702
2013-07-01,46.507465,24.849573,0.1065168
2013-07-01,46.999825,24.97641,0.35345355
2013-07-01,46.918243,24.956125,0.20312476
2013-07-01,46.835003,24.935387,0.24744737
2013-07-01,46.751858,24.914608,0.19491851
2013-07-01,46.668587,24.893751,0.13698648
2013-07-01,46.583908,24.872475,0.15422185
2013-07-01,46.639862,24.99161,0.16520648
2013-07-01,46.55486,24.97079,0.14214331
2013-07-01,46.63311,24.993778,0.27544758
2013-07-01,46.548283,24.972445,0.17940624
2013-07-01,46.593178,24.870584,0.14038223
2013-07-01,46.882893,24.832506,0.19427635
2013-07-01,46.621483,24.772093,0.19628872
2013-07-01,46.574284,24.651329,0.11827597
2013-07-01,46.90975,24.511253,0.33907968
2013-07-01,46.983612,24.534916,0.18898389
2013-07-01,46.900135,24.51417,0.35196012
2013-07-01,46.96578,24.852585,0.25243565
2013-07-01,46.87252,24.611767,0.31220564
2013-07-01,46.788517,24.59137,0.3442025
2013-07-01,46.7037,24.570719,0.25790018
2013-07-01,46.619328,24.550121,0.09503879
2013-07-01,46.533615,24.52914,0.07841695
2013-07-01,46.949024,24.635204,0.19080937
2013-07-01,46.865383,24.614403,0.31265604
2013-07-01,46.78152,24.593481,0.34222177
2013-07-01,46.696995,24.57234,0.19970602
2013-07-01,46.956482,24.632093,0.17046517
2013-07-01,46.527233,24.529709,0.09856592
2013-07-01,46.612747,24.551208,0.14972256
2013-07-01,46.65913,24.672634,0.16827025
2013-07-01,46.827656,24.714798,0.18938772
2013-07-01,46.911392,24.735657,0.16753045
2013-07-01,46.99366,24.756102,0.24993564
2013-07-01,46.744114,24.693926,0.12602349
2013-07-01,46.668526,24.670773,0.18659651
2013-07-01,46.753742,24.691545,0.14010541
2013-07-01,46.837337,24.711874,0.17849346
2013-07-01,46.92144,24.732271,0.18817
2013-07-01,46.58346,24.649979,0.105302975
2013-11-01,46.93338,24.816107,0.22699095
2013-11-01,46.695045,24.868053,0.20830952
2013-11-01,46.83015,24.789066,0.21486802
2013-11-01,46.72721,24.762014,0.17195992
2013-11-01,46.622017,24.734285,0.17140934
2013-11-01,46.516712,24.706434,0.16742094
2013-11-01,46.901768,24.920952,0.28187388
2013-11-01,46.79816,24.894476,0.18242988
2013-11-01,46.590096,24.841078,0.21669583
2013-11-01,46.655632,24.9675,0.2551346
2013-11-01,46.89433,24.915712,0.2737304
2013-11-01,46.688187,24.861542,0.21659519
2013-11-01,46.5834,24.833887,0.21405458
2013-11-01,46.75914,24.994066,0.24148412
2013-11-01,46.550766,24.940496,0.20454629
2013-11-01,46.75176,24.98717,0.25255257
2013-11-01,46.64857,24.959965,0.2582888
2013-11-01,46.543926,24.932302,0.19547167
2013-11-01,46.520077,24.714489,0.17471279
2013-11-01,46.996265,24.942366,0.28245884
2013-11-01,46.625767,24.741707,0.180016
2013-11-01,46.791058,24.88862,0.17041166
2013-11-01,46.83437,24.795158,0.20338422
2013-11-01,46.91287,24.597025,0.2245436
2013-11-01,46.808693,24.570463,0.24056193
2013-11-01,46.70419,24.543716,0.21742344
2013-11-01,46.599617,24.51688,0.19195947
2013-11-01,46.905304,24.5901,0.23686565
2013-11-01,46.697422,24.535559,0.2203513
2013-11-01,46.59287,24.508001,0.16915098
2013-11-01,46.73119,24.768759,0.16795444
2013-11-01,46.977505,24.722052,0.2399273
2013-11-01,46.80145,24.562899,0.26293916
2013-11-01,46.77015,24.669167,0.21833557
2013-11-01,46.66476,24.642157,0.21595944
2013-11-01,46.559784,24.615173,0.20622545
2013-11-01,46.969933,24.716816,0.25535217
2013-11-01,46.866364,24.689734,0.19040371
2013-11-01,46.76297,24.662605,0.20127918
2013-11-01,46.657883,24.634958,0.2044088
2013-11-01,46.55321,24.607317,0.20114183
2013-11-01,46.937943,24.821577,0.22605914
2013-11-01,46.873737,24.695633,0.196557
2014-05-01,46.934967,24.898521,0.73838323
2014-05-01,46.534035,24.79382,0.6542034
2014-05-01,46.61787,24.81431,0.59885347
2014-05-01,46.70078,24.834524,0.5695988
2014-05-01,46.645718,24.716625,0.57566816
2014-05-01,46.863785,24.874105,0.62803936
2014-05-01,46.944984,24.893744,0.7366624
2014-05-01,46.56247,24.695757,0.6372534
2014-05-01,46.853916,24.878387,0.6277983
2014-05-01,46.78231,24.854351,0.5908095
2014-05-01,46.77265,24.858139,0.51637715
2014-05-01,46.81615,24.977932,0.5834988
2014-05-01,46.60849,24.817095,0.5940402
2014-05-01,46.5249,24.79611,0.7153515
2014-05-01,46.907497,24.994268,0.6248678
2014-05-01,46.826084,24.974548,0.58315945
2014-05-01,46.7447,24.95478,0.60508615
2014-05-01,46.66299,24.934883,0.52343875
2014-05-01,46.58023,24.914679,0.5588212
2014-05-01,46.897354,24.99814,0.6062002
2014-05-01,46.810265,24.75772,0.67292875
2014-05-01,46.73502,24.957691,0.5900009
2014-05-01,46.653496,24.937294,0.5468936
2014-05-01,46.570812,24.916563,0.6142048
2014-05-01,46.691338,24.837835,0.5463205
2014-05-01,46.89175,24.777988,0.6476513
2014-05-01,46.728745,24.737392,0.56803167
2014-05-01,46.571857,24.69442,0.6291436
2014-05-01,46.97251,24.798029,0.6225442
2014-05-01,46.97458,24.573963,0.68693846
2014-05-01,46.89261,24.554173,0.7725478
2014-05-01,46.810474,24.534292,0.6607404
2014-05-01,46.72814,24.514313,0.6369126
2014-05-01,46.964348,24.577303,0.6913804
2014-05-01,46.88268,24.557056,0.7635856
2014-05-01,46.718613,24.516193,0.6563581
2014-05-01,46.93707,24.67359,0.7098434
2014-05-01,46.855305,24.653812,0.702588
2014-05-01,46.773308,24.633932,0.7502133
2014-05-01,46.690098,24.61371,0.6759366
2014-05-01,46.800606,24.536636,0.722711
2014-05-01,46.523396,24.57303,0.64967376
2014-05-01,46.607506,24.593586,0.6556
2014-05-01,46.73853,24.735043,0.5654331
2014-05-01,46.82007,24.754833,0.7337167
2014-05-01,46.90201,24.774675,0.6330043
2014-05-01,46.982628,24.794142,0.63310075
2014-05-01,46.51676,24.575409,0.70962346
2014-05-01,46.655262,24.714767,0.6136412
2014-05-01,46.683147,24.617105,0.65985507
2014-05-01,46.76617,24.637829,0.67044175
2014-05-01,46.847992,24.658209,0.66799074
2014-05-01,46.92954,24.67846,0.7247079
2014-05-01,46.60078,24.596489,0.6599393
2015-03-01,46.65058,24.81045,0.23456647
2015-03-01,46.735176,24.83158,0.20750925
2015-03-01,46.818783,24.85241,0.140769
2015-03-01,46.902596,24.87323,0.21526644
2015-03-01,46.98554,24.893787,0.34914106
2015-03-01,46.744595,24.829203,0.19723798
2015-03-01,46.65993,24.808615,0.18821126
2015-03-01,46.828423,24.84953,0.16627768
2015-03-01,46.912453,24.869852,0.1945115
2015-03-01,46.995552,24.889898,0.33569488
2015-03-01,46.573822,24.787611,0.22085722
2015-03-01,46.564697,24.78894,0.26357606
2015-03-01,46.516506,24.66709,0.18197697
2015-03-01,46.874737,24.970276,0.20297034
2015-03-01,46.790703,24.949928,0.19693407
2015-03-01,46.706688,24.92952,0.26559302
2015-03-01,46.622185,24.90894,0.22717774
2015-03-01,46.53645,24.888004,0.2703158
2015-03-01,46.95047,24.994013,0.17513847
2015-03-01,46.867184,24.973345,0.19928488
2015-03-01,46.783436,24.952505,0.19365123
2015-03-01,46.699665,24.931604,0.30217934
2015-03-01,46.615265,24.910484,0.2751117
2015-03-01,46.529755,24.88904,0.27893358
2015-03-01,46.500114,24.987764,0.22339994
2015-03-01,46.958057,24.990398,0.18969318
2015-03-01,46.602245,24.688587,0.18568373
2015-03-01,46.55458,24.567799,0.22960064
2015-03-01,46.772964,24.731241,0.14258192
2015-03-01,46.938778,24.549387,0.21431378
2015-03-01,46.854652,24.529083,0.18778117
2015-03-01,46.769585,24.508493,0.17322348
2015-03-01,46.931465,24.551968,0.2037904
2015-03-01,46.84748,24.531136,0.18312594
2015-03-01,46.762684,24.510042,0.18731971
2015-03-01,46.68785,24.710001,0.17656669
2015-03-01,46.90392,24.64959,0.1732227
2015-03-01,46.819935,24.629288,0.27335456
2015-03-01,46.734493,24.608574,0.22316413
2015-03-01,46.649376,24.587877,0.22474791
2015-03-01,46.56357,24.566967,0.20333429
2015-03-01,46.978344,24.67334,0.1901566
2015-03-01,46.988083,24.669882,0.20081444
2015-03-01,46.81052,24.631712,0.17645805
2015-03-01,46.894234,24.652502,0.13931018
2015-03-01,46.856583,24.752039,0.13402303
2015-03-01,46.940876,24.772953,0.15898582
2015-03-01,46.525517,24.667192,0.20777974
2015-03-01,46.69728,24.70906,0.19597892
2015-03-01,46.611443,24.688168,0.19523619
2015-03-01,46.866344,24.750046,0.124123976
2015-03-01,46.950783,24.770443,0.19230047
2015-03-01,46.640327,24.589268,0.2203603
2015-03-01,46.72517,24.61045,0.20687412
2015-03-01,46.782497,24.72975,0.14743896
2015-12-01,46.69702,24.822386,0.3037856
2015-12-01,46.938988,24.917286,0.2782601
2015-12-01,46.50553,24.790771,0.081066474
2015-12-01,46.56958,24.801373,0.23134613
2015-12-01,46.633396,24.811909,0.15135625
2015-12-01,46.760357,24.832775,0.17417812
2015-12-01,46.650898,24.761898,0.10121418
2015-12-01,46.886543,24.853395,0.20035101
2015-12-01,46.949383,24.863619,0.27727178
2015-12-01,46.523094,24.740988,0.0630433
2015-12-01,46.587105,24.751478,0.12042201
2015-12-01,46.714558,24.772276,0.10235545
2015-12-01,46.777878,24.782572,0.19649601
2015-12-01,46.82351,24.843107,0.13330391
2015-12-01,46.87611,24.907143,0.2548569
2015-12-01,46.722176,24.990465,0.17206147
2015-12-01,46.749786,24.88669,0.08320221
2015-12-01,46.531105,24.959305,0.054062452
2015-12-01,46.595013,24.969753,0.17754778
2015-12-01,46.6587,24.980139,0.10501762
2015-12-01,46.841026,24.792809,0.17299323
2015-12-01,46.54186,24.90512,0.11471504
2015-12-01,46.60572,24.915667,0.1575961
2015-12-01,46.812996,24.896942,0.06858022
2015-12-01,46.669342,24.926146,0.11926337
2015-12-01,46.795963,24.946898,0.08207593
2015-12-01,46.85905,24.957191,0.075871505
2015-12-01,46.921993,24.967438,0.26509494
2015-12-01,46.984665,24.977602,0.1731047
2015-12-01,46.558926,24.855566,0.108389415
2015-12-01,46.622784,24.86601,0.14728148
2015-12-01,46.732742,24.936552,0.2936496
2015-12-01,46.90407,24.803001,0.26250046
2015-12-01,46.686413,24.876387,0.12707527
2015-12-01,46.533817,24.686699,0.057601906
2015-12-01,46.966908,24.813133,0.09677276
2015-12-01,46.97033,24.541452,0.2834547
2015-12-01,46.907475,24.531202,0.34838054
2015-12-01,46.844433,24.520893,0.09800379
2015-12-01,46.717815,24.500105,0.06486326
2015-12-01,46.96003,24.595219,0.25082138
2015-12-01,46.77064,24.564539,0.41214758
2015-12-01,46.707184,24.5542,0.25535816
2015-12-01,46.643574,24.543812,0.09417885
2015-12-01,46.57972,24.533348,0.082226165
2015-12-01,46.515648,24.52283,0.05724602
2015-12-01,46.94253,24.645597,0.19519494
2015-12-01,46.75317,24.61463,0.3378377
2015-12-01,46.689644,24.60418,0.25616065
2015-12-01,46.626064,24.593697,0.3159358
2015-12-01,46.89703,24.585041,0.30460966
2015-12-01,46.994873,24.709469,0.16448434
2015-12-01,46.562202,24.583128,0.19520113
2015-12-01,46.59776,24.697279,0.089883134
2015-12-01,46.661495,24.707796,0.24249437
2015-12-01,46.72509,24.718264,0.12927958
2015-12-01,46.78842,24.728651,0.08091122
2015-12-01,46.914604,24.749271,0.19332215
2015-12-01,46.97733,24.759468,0.13866362
2015-12-01,46.851517,24.738974,0.2722703
2015-12-01,46.615337,24.647875,0.081689306
2015-12-01,46.67905,24.658283,0.1956012
2015-12-01,46.742638,24.668644,0.17971823
2015-12-01,46.806004,24.678944,0.18554534
2015-12-01,46.869087,24.689163,0.076683834
2015-12-01,46.93211,24.699347,0.31732717
2015-12-01,46.551453,24.637411,0.17596427
2016-05-01,46.987164,24.807964,0.18268704
2016-05-01,46.851612,24.886497,0.16672732
2016-05-01,46.883713,24.780954,0.16146111
2016-05-01,46.779625,24.753675,0.11629367
2016-05-01,46.674282,24.725986,0.12016926
2016-05-01,46.568047,24.697983,0.14158896
2016-05-01,46.95578,24.913021,0.3835145
2016-05-01,46.747353,24.859861,0.16385616
2016-05-01,46.81245,24.985043,0.17713366
2016-05-01,46.535496,24.805471,0.16014339
2016-05-01,46.948437,24.906656,0.31956634
2016-05-01,46.844494,24.879463,0.143819
2016-05-01,46.740578,24.852194,0.140074
2016-05-01,46.635784,24.824596,0.19532764
2016-05-01,46.52912,24.796438,0.14341034
2016-05-01,46.708206,24.958359,0.25441456
2016-05-01,46.603218,24.931402,0.18570548
2016-05-01,46.574448,24.706034,0.14553489
2016-05-01,46.642376,24.832952,0.17225388
2016-05-01,46.681065,24.73341,0.14235517
2016-05-01,46.50036,24.570387,0.20044744
2016-05-01,46.890972,24.787045,0.14343031
2016-05-01,46.78645,24.760374,0.090684734
2016-05-01,46.965992,24.588161,0.122405544
2016-05-01,46.86096,24.561455,0.11256591
2016-05-01,46.650444,24.50766,0.16928455
2016-05-01,46.958393,24.582008,0.115923785
2016-05-01,46.853714,24.554672,0.12881267
2016-05-01,46.748528,24.527107,0.17830084
2016-05-01,46.92706,24.687756,0.10390939
2016-05-01,46.755398,24.534523,0.14739941
2016-05-01,46.716366,24.634008,0.200202
2016-05-01,46.610645,24.60691,0.17704354
2016-05-01,46.503223,24.579283,0.17810105
2016-05-01,46.922947,24.681469,0.110507496
2016-05-01,46.818565,24.654161,0.13342397
2016-05-01,46.71279,24.626404,0.20581946
2016-05-01,46.607464,24.598677,0.18683021
2016-05-01,46.82237,24.661087,0.12651327
2016-05-01,46.99449,24.813368,0.16168389
2017-01-01,46.52803,24.743317,0.09467936
2017-01-01,46.61228,24.7644,0.12675655
2017-01-01,46.69639,24.785406,0.14391279
2017-01-01,46.778793,24.805922,0.1332297
2017-01-01,46.86079,24.82628,0.12810224
2017-01-01,46.621662,24.76216,0.10236127
2017-01-01,46.537155,24.741566,0.089456886
2017-01-01,46.705868,24.78262,0.12848842
2017-01-01,46.788414,24.802628,0.12866037
2017-01-01,46.996426,24.962341,0.16691458
2017-01-01,46.942734,24.846575,0.20236345
2017-01-01,46.91545,24.942842,0.15218383
2017-01-01,46.574924,24.863989,0.16661255
2017-01-01,46.750713,24.903015,0.14399602
2017-01-01,46.66821,24.882982,0.12541884
2017-01-01,46.58425,24.862549,0.17268735
2017-01-01,46.98634,24.966326,0.13913497
2017-01-01,46.905426,24.946306,0.148762
2017-01-01,46.82311,24.925884,0.17568988
2017-01-01,46.658722,24.884941,0.121784054
2017-01-01,46.63019,24.982454,0.16182537
2017-01-01,46.54615,24.961967,0.17279203
2017-01-01,46.6205,24.985203,0.19391315
2017-01-01,46.870686,24.822523,0.12183807
2017-01-01,46.83301,24.922932,0.14842653
2017-01-01,46.952778,24.842312,0.11491408
2017-01-01,46.741062,24.905478,0.148825
2017-01-01,46.649597,24.663996,0.10676371
2017-01-01,46.980453,24.522242,0.16278867
2017-01-01,46.89794,24.502382,0.17579626
2017-01-01,46.970695,24.525164,0.13304381
2017-01-01,46.888485,24.504837,0.17438358
2017-01-01,46.565872,24.643066,0.13383259
2017-01-01,46.86106,24.602083,0.19149648
2017-01-01,46.77782,24.58197,0.19087912
2017-01-01,46.694313,24.561726,0.15860964
2017-01-01,46.610775,24.541433,0.077747464
2017-01-01,46.52602,24.520786,0.11312842
2017-01-01,46.933784,24.625772,0.12835424
2017-01-01,46.851303,24.60535,0.16917095
2017-01-01,46.943863,24.622038,0.112495065
2017-01-01,46.6849,24.56398,0.147962
2017-01-01,46.768192,24.584715,0.16129145
2017-01-01,46.733513,24.68491,0.09405444
2017-01-01,46.81643,24.70553,0.104433924
2017-01-01,46.57251,24.641607,0.14026417
2017-01-01,46.65644,24.662033,0.13004105
2017-01-01,46.980663,24.746204,0.09631964
2017-01-01,46.906334,24.722504,0.09966779
2017-01-01,46.98817,24.742205,0.10581968
2017-01-01,46.5169,24.522,0.12329197
2017-01-01,46.60153,24.54318,0.06338019
2017-01-01,46.740646,24.682459,0.09919614
2017-04-01,46.57642,24.83203,0.30335125
2017-04-01,46.903748,24.903944,0.53166246
2017-04-01,46.63197,24.844284,0.36085656
2017-04-01,46.68705,24.85642,0.45924163
2017-04-01,46.7414,24.868372,0.24443918
2017-04-01,46.79557,24.880264,0.1761138
2017-04-01,46.849636,24.892117,0.36008805
2017-04-01,46.95719,24.915607,0.7093607
2017-04-01,46.817036,24.79844,0.47364858
2017-04-01,46.59811,24.749002,0.35962465
2017-04-01,46.653473,24.76155,0.36873156
2017-04-01,46.708748,24.774038,0.47142142
2017-04-01,46.763084,24.786295,0.4729644
2017-04-01,46.870953,24.810558,0.48531237
2017-04-01,46.924915,24.82267,0.48578113
2017-04-01,46.520508,24.819653,0.21629828
2017-04-01,46.54239,24.736364,0.23009908
2017-04-01,46.99632,24.948391,0.38486603
2017-04-01,46.65167,24.958183,0.3232789
2017-04-01,46.889957,24.924576,0.42028913
2017-04-01,46.529316,24.952152,0.16803026
2017-04-01,46.58469,24.964724,0.26570505
2017-04-01,46.639744,24.97719,0.32525972
2017-04-01,46.69425,24.989517,0.29765722
2017-04-01,46.541122,24.933771,0.21180189
2017-04-01,46.55564,24.718653,0.2662562
2017-04-01,46.70622,24.970192,0.46766645
2017-04-01,46.943493,24.936573,0.64788395
2017-04-01,46.76056,24.982136,0.2838043
2017-04-01,46.507374,24.838154,0.24476753
2017-04-01,46.563164,24.850832,0.19562465
2017-04-01,46.61861,24.863398,0.36019868
2017-04-01,46.67362,24.875849,0.25990245
2017-04-01,46.727882,24.8881,0.3027865
2017-04-01,46.781994,24.900303,0.22229289
2017-04-01,46.83592,24.91243,0.35859063
2017-04-01,46.8145,24.993979,0.2823467
2017-04-01,46.611362,24.730963,0.29489416
2017-04-01,46.596645,24.946043,0.29662645
2017-04-01,46.722183,24.75537,0.3953102
2017-04-01,46.668545,24.546232,0.5288255
2017-04-01,46.72322,24.558578,0.57307893
2017-04-01,46.778152,24.570969,0.59942144
2017-04-01,46.83276,24.583261,0.6011732
2017-04-01,46.88697,24.595428,0.4882359
2017-04-01,46.94117,24.60759,0.4103228
2017-04-01,46.99497,24.61963,0.6278426
2017-04-01,46.613308,24.533724,0.3033851
2017-04-01,46.569057,24.503355,0.34674406
2017-04-01,46.68021,24.52787,0.4213368
2017-04-01,46.734913,24.539894,0.2941017
2017-04-01,46.789864,24.551956,0.39629063
2017-04-01,46.898853,24.57582,0.45979393
2017-04-01,46.953262,24.587688,0.35820463
2017-04-01,46.973755,24.50596,0.38309982
2017-04-01,46.666862,24.743195,0.45215854
2017-04-01,46.62491,24.515676,0.2820388
2017-04-01,46.557617,24.521103,0.23481767
2017-04-01,46.844616,24.563953,0.36875263
2017-04-01,46.919884,24.689138,0.3964474
2017-04-01,46.501347,24.508318,0.2413036
2017-04-01,46.776615,24.76733,0.42713383
2017-04-01,46.830627,24.779163,0.5319051
2017-04-01,46.884808,24.791021,0.476369
2017-04-01,46.57784,24.635445,0.4575273
2017-04-01,46.63313,24.647963,0.33111292
2017-04-01,46.68827,24.660435,0.61515844
2017-04-01,46.79825,24.685238,0.4172399
2017-04-01,46.521976,24.62276,0.3438467
2017-04-01,46.906292,24.709509,0.31666788
2017-04-01,46.535183,24.604574,0.3952568
2017-04-01,46.59116,24.616951,0.45768994
2017-04-01,46.64637,24.629128,0.43301183
2017-04-01,46.701557,24.641285,0.5734277
2017-04-01,46.756943,24.653458,0.50223035
2017-04-01,46.811707,24.665462,0.57472235
2017-04-01,46.85208,24.697346,0.5170531
2017-04-01,46.865673,24.677288,0.4051465
2017-07-01,46.900497,24.891891,0.5567635
2017-07-01,46.96744,24.907736,0.67474896
2017-07-01,46.56801,24.800854,0.45664868
2017-07-01,46.63765,24.817076,0.38201335
2017-07-01,46.706665,24.83313,0.37738758
2017-07-01,46.9774,24.895727,0.7928547
2017-07-01,46.842438,24.864594,0.4101408
2017-07-01,46.910324,24.88027,0.58837026
2017-07-01,46.52357,24.693039,0.4212397
2017-07-01,46.83268,24.875797,0.33688468
2017-07-01,46.59304,24.709684,0.24410087
2017-07-01,46.662403,24.726273,0.20986943
2017-07-01,46.77466,24.848898,0.34186134
2017-07-01,46.765053,24.859715,0.1956841
2017-07-01,46.603207,24.917812,0.4754505
2017-07-01,46.62834,24.827097,0.4373605
2017-07-01,46.52236,24.911524,0.61644536
2017-07-01,46.73163,24.742783,0.24188083
2017-07-01,46.591652,24.928131,0.5542871
2017-07-01,46.660393,24.944574,0.38883913
2017-07-01,46.728474,24.960817,0.4452477
2017-07-01,46.796124,24.976927,0.3740858
2017-07-01,46.697205,24.84355,0.32621434
2017-07-01,46.863758,24.992994,0.41092467
2017-07-01,46.67195,24.933819,0.3360371
2017-07-01,46.74012,24.949661,0.4275999
2017-07-01,46.807938,24.96538,0.36350244
2017-07-01,46.87583,24.98108,0.42121682
2017-07-01,46.94321,24.996628,0.4438425
2017-07-01,46.55886,24.810465,0.48225138
2017-07-01,46.533756,24.901604,0.5239365
2017-07-01,46.799564,24.758951,0.36125517
2017-07-01,46.811176,24.747787,0.44508708
2017-07-01,46.935196,24.791128,0.47075173
2017-07-01,46.951805,24.562008,0.36479574
2017-07-01,46.867172,24.775005,0.37367252
2017-07-01,46.815376,24.530525,0.26310888
2017-07-01,46.74665,24.51462,0.4391486
2017-07-01,46.94001,24.573545,0.35670513
2017-07-01,46.87223,24.557495,0.25931802
2017-07-01,46.803818,24.541254,0.44100937
2017-07-01,46.735245,24.524948,0.4659399
2017-07-01,46.666973,24.508663,0.46524158
2017-07-01,46.983612,24.678856,0.44048285
2017-07-01,46.9156,24.663193,0.3936417
2017-07-01,46.84785,24.647547,0.37284836
2017-07-01,46.779526,24.63175,0.44116032
2017-07-01,46.71011,24.615654,0.4741581
2017-07-01,46.641247,24.599648,0.3989288
2017-07-01,46.883873,24.546352,0.25261924
2017-07-01,46.501057,24.566961,0.4861665
2017-07-01,46.571762,24.583466,0.42362222
2017-07-01,46.60434,24.69976,0.19300812
2017-07-01,46.673855,24.715946,0.2979246
2017-07-01,46.74321,24.732048,0.2420087
2017-07-01,46.87914,24.763502,0.31415153
2017-07-01,46.947186,24.779202,0.45221147
2017-07-01,46.534733,24.683521,0.33731318
2017-07-01,46.62985,24.608711,0.31096077
2017-07-01,46.698574,24.625118,0.40921062
2017-07-01,46.767853,24.641628,0.37251616
2017-07-01,46.836056,24.657846,0.3408974
2017-07-01,46.903633,24.67387,0.3426687
2017-07-01,46.560513,24.592123,0.40696302
2017-07-01,46.97163,24.689964,0.417353
2017-11-01,46.548244,24.802658,0.15631226
2017-11-01,46.633137,24.823353,0.14260735
2017-11-01,46.71696,24.84372,0.13434045
2017-11-01,46.79957,24.86374,0.1313416
2017-11-01,46.88243,24.883776,0.30567405
2017-11-01,46.576557,24.704094,0.12962417
2017-11-01,46.501286,24.903831,0.20906934
2017-11-01,46.66101,24.725197,0.105027914
2017-11-01,46.745132,24.746176,0.086759426
2017-11-01,46.827526,24.766666,0.14630799
2017-11-01,46.954468,24.907888,0.4017248
2017-11-01,46.964577,24.903582,0.47612998
2017-11-01,46.872395,24.887556,0.29880852
2017-11-01,46.67896,24.944008,0.18178207
2017-11-01,46.707355,24.846514,0.14464946
2017-11-01,46.623665,24.825617,0.19375424
2017-11-01,46.538906,24.804405,0.16732754
2017-11-01,46.84446,24.984135,0.28036305
2017-11-01,46.761887,24.96414,0.21544707
2017-11-01,46.595295,24.923645,0.20554152
2017-11-01,46.510647,24.902992,0.20141256
2017-11-01,46.834435,24.98703,0.29715666
2017-11-01,46.7521,24.96655,0.2220912
2017-11-01,46.669376,24.945919,0.16650483
2017-11-01,46.585777,24.925018,0.21832651
2017-11-01,46.910458,24.78723,0.19992462
2017-11-01,46.789825,24.867046,0.11922026
2017-11-01,46.99188,24.807375,0.26932973
2017-11-01,46.529778,24.583515,0.17878523
2017-11-01,46.58578,24.703176,0.138556
2017-11-01,46.500904,24.682467,0.14046557
2017-11-01,46.992886,24.583593,0.16252203
2017-11-01,46.9096,24.56356,0.21210548
2017-11-01,46.82649,24.543499,0.14621393
2017-11-01,46.742775,24.523249,0.17880833
2017-11-01,46.65946,24.503036,0.1738875
2017-11-01,46.899845,24.565947,0.19810648
2017-11-01,46.816864,24.545374,0.19244897
2017-11-01,46.733383,24.524614,0.16492078
2017-11-01,46.650238,24.503899,0.15266028
2017-11-01,46.955612,24.683212,0.16987257
2017-11-01,46.872383,24.663153,0.17138946
2017-11-01,46.982937,24.586498,0.17507763
2017-11-01,46.705055,24.62266,0.16631226
2017-11-01,46.670464,24.723778,0.14229503
2017-11-01,46.789562,24.64313,0.19189513
2017-11-01,46.75468,24.74421,0.10485985
2017-11-01,46.83726,24.764202,0.14745252
2017-11-01,46.614655,24.60475,0.15107976
2017-11-01,46.69825,24.625622,0.1590774
2017-11-01,46.920498,24.784292,0.1870373
2017-11-01,46.782528,24.646595,0.16064017
2017-11-01,46.86521,24.667124,0.1368965
2017-11-01,46.948185,24.687664,0.19236802
2017-11-01,46.536232,24.58158,0.15803462
2017-11-01,46.62125,24.602291,0.15445001
2018-05-01,46.892735,24.892303,0.7225453
2018-05-01,46.691277,24.84576,0.5951809
2018-05-01,46.758537,24.861341,0.51186407
2018-05-01,46.825512,24.876808,0.5433648
2018-05-01,46.622967,24.829914,0.57805824
2018-05-01,46.95916,24.90758,0.7850855
2018-05-01,46.85008,24.78759,0.6066492
2018-05-01,46.57896,24.723114,0.50658655
2018-05-01,46.647614,24.739492,0.50083107
2018-05-01,46.71607,24.75579,0.5502056
2018-05-01,46.783337,24.77177,0.61321974
2018-05-01,46.917213,24.803463,0.6081781
2018-05-01,46.554108,24.813896,0.5665675
2018-05-01,46.51017,24.706669,0.4676631
2018-05-01,46.94907,24.92076,0.717165
2018-05-01,46.712082,24.973583,0.62804794
2018-05-01,46.815598,24.889194,0.5416262
2018-05-01,46.508057,24.92489,0.56009686
2018-05-01,46.5766,24.941282,0.5653457
2018-05-01,46.98321,24.819036,0.645393
2018-05-01,46.77906,24.989506,0.6521872
2018-05-01,46.51969,24.915447,0.5714682
2018-05-01,46.588352,24.931433,0.5874129
2018-05-01,46.882683,24.905077,0.6745543
2018-05-01,46.65651,24.947266,0.54919606
2018-05-01,46.79105,24.978422,0.6190139
2018-05-01,46.85805,24.993885,0.64276314
2018-05-01,46.544743,24.824707,0.5603721
2018-05-01,46.613457,24.841122,0.6049513
2018-05-01,46.681664,24.857382,0.52219814
2018-05-01,46.748737,24.873327,0.44905227
2018-05-01,46.723965,24.9629,0.66914856
2018-05-01,46.521687,24.697641,0.43661192
2018-05-01,46.64474,24.957552,0.53858703
2018-05-01,46.659306,24.72964,0.5521533
2018-05-01,46.93471,24.574951,0.58999974
2018-05-01,46.867607,24.559519,0.6401038
2018-05-01,46.590527,24.713663,0.50151926
2018-05-01,46.73187,24.528185,0.5829642
2018-05-01,46.664165,24.512508,0.56097734
2018-05-01,46.990246,24.601988,0.5817326
2018-05-01,46.922894,24.586105,0.547414
2018-05-01,46.855938,24.570274,0.75404036
2018-05-01,46.78823,24.554237,0.7874034
2018-05-01,46.720463,24.538147,0.67885625
2018-05-01,46.65279,24.522045,0.5332717
2018-05-01,46.584126,24.505678,0.49033296
2018-05-01,46.96612,24.690891,0.5398723
2018-05-01,46.898663,24.675388,0.54331416
2018-05-01,46.831734,24.659966,0.7318138
2018-05-01,46.79979,24.543882,0.5864033
2018-05-01,46.69543,24.628464,0.6519599
2018-05-01,46.764038,24.644342,0.7037708
2018-05-01,46.7279,24.745531,0.52990794
2018-05-01,46.862206,24.77654,0.5168393
2018-05-01,46.929626,24.792053,0.6454946
2018-05-01,46.995472,24.807177,0.6425062
2018-05-01,46.547234,24.606615,0.5482145
2018-05-01,46.61588,24.623001,0.5086387
2018-05-01,46.79526,24.761105,0.6374772
2018-05-01,46.752365,24.655481,0.6441061
2018-05-01,46.82,24.67152,0.70635927
2018-05-01,46.886757,24.687325,0.51506174
2018-05-01,46.9541,24.703224,0.64115965
2018-05-01,46.558586,24.596697,0.57461363
2018-05-01,46.683887,24.63921,0.6383236
2018-05-01,46.62732,24.612677,0.590317
2018-09-01,46.819405,24.846796,0.25972056
2018-09-01,46.90328,24.867723,0.40835983
2018-09-01,46.986244,24.888367,0.49106556
2018-09-01,46.574207,24.78173,0.3438259
2018-09-01,46.660343,24.802822,0.29522374
2018-09-01,46.828926,24.843945,0.31268638
2018-09-01,46.913006,24.864367,0.3722478
2018-09-01,46.99608,24.884497,0.48546672
2018-09-01,46.517033,24.661102,0.26537257
2018-09-01,46.73578,24.825876,0.36610055
2018-09-01,46.74511,24.823526,0.32998276
2018-09-01,46.651115,24.804636,0.38829947
2018-09-01,46.94858,24.98795,0.38076526
2018-09-01,46.95867,24.985014,0.4016823
2018-09-01,46.875305,24.964783,0.3997935
2018-09-01,46.79119,24.944336,0.3248859
2018-09-01,46.707134,24.923826,0.38260373
2018-09-01,46.62261,24.903143,0.3853784
2018-09-01,46.53682,24.882109,0.40477875
2018-09-01,46.86525,24.96718,0.3837918
2018-09-01,46.78145,24.94624,0.37955502
2018-09-01,46.69762,24.92523,0.4501124
2018-09-01,46.61315,24.904009,0.39299536
2018-09-01,46.527542,24.882437,0.3825819
2018-09-01,46.565166,24.783018,0.3764036
2018-09-01,46.688385,24.704199,0.23951164
2018-09-01,46.602814,24.682701,0.26150206
2018-09-01,46.857204,24.74644,0.24838701
2018-09-01,46.773613,24.725548,0.182491
2018-09-01,46.939617,24.544003,0.35824618
2018-09-01,46.85545,24.523592,0.28769186
2018-09-01,46.770397,24.502926,0.27280036
2018-09-01,46.929714,24.545855,0.3119552
2018-09-01,46.845745,24.52493,0.24027558
2018-09-01,46.760952,24.503746,0.28305355
2018-09-01,46.986347,24.663923,0.35693794
2018-09-01,46.90205,24.643509,0.28949666
2018-09-01,46.81805,24.623108,0.4650008
2018-09-01,46.64744,24.581509,0.3370921
2018-09-01,46.561546,24.560469,0.24893068
2018-09-01,46.732544,24.602287,0.36198062
2018-09-01,46.895042,24.646965,0.26995638
2018-09-01,46.941628,24.767479,0.37221196
2018-09-01,46.52609,24.66127,0.30433574
2018-09-01,46.612015,24.68234,0.2725662
2018-09-01,46.97915,24.667887,0.33739454
2018-09-01,46.783104,24.72411,0.2327835
2018-09-01,46.867012,24.744526,0.2604178
2018-09-01,46.69785,24.70332,0.25734642
2018-09-01,46.555317,24.561865,0.3099346
2018-09-01,46.641083,24.58344,0.329336
2018-09-01,46.725906,24.60471,0.37386832
2018-09-01,46.811214,24.62605,0.451553
2018-09-01,46.951515,24.765017,0.4026542
2018-12-01,46.51764,24.613008,0.13849993
2018-12-01,46.954544,24.939756,0.22706588
2018-12-01,46.962025,24.94439,0.22406843
2018-12-01,46.51119,24.605106,0.12138938
2018-12-01,46.61635,24.632774,0.094203554
2018-12-01,46.72061,24.66013,0.17615752
2018-12-01,46.622917,24.639996,0.11981928
2018-12-01,46.7591,24.560448,0.16631499
2018-12-01,46.55076,24.505785,0.07348003
2018-12-01,46.655773,24.53338,0.12147915
2018-12-01,46.55728,24.514698,0.06463877
2018-12-01,46.66227,24.541561,0.11635377
2018-12-01,46.765984,24.56801,0.13511394
2018-12-01,46.97361,24.620703,0.119629174
2018-12-01,46.727654,24.666752,0.17474374
2019-01-01,46.5505,24.593857,0.29313
2019-01-01,46.964943,24.7088,0.26463008
2019-01-01,46.912136,24.697042,0.26531887
2019-01-01,46.85928,24.685251,0.25954115
2019-01-01,46.7533,24.661564,0.33564135
2019-01-01,46.6993,24.649456,0.40698615
2019-01-01,46.64549,24.637367,0.25513077
2019-01-01,46.59159,24.625248,0.2796972
2019-01-01,46.537125,24.61297,0.27781552
2019-01-01,46.838165,24.766273,0.3183443
2019-01-01,46.944,24.789257,0.28624007
2019-01-01,46.891186,24.777796,0.24702136
2019-01-01,46.785427,24.754786,0.30766383
2019-01-01,46.73227,24.74319,0.24633323
2019-01-01,46.678253,24.731384,0.34517625
2019-01-01,46.624084,24.719528,0.2516796
2019-01-01,46.56967,24.707594,0.22430411
2019-01-01,46.51524,24.69563,0.19933257
2019-01-01,46.60501,24.605831,0.35737115
2019-01-01,46.995693,24.80045,0.25411192
2019-01-01,46.658897,24.617636,0.36416182
2019-01-01,46.80669,24.673513,0.38718775
2019-01-01,46.76684,24.641222,0.37081546
2019-01-01,46.96074,24.574604,0.23632604
2019-01-01,46.907646,24.563084,0.35498878
2019-01-01,46.854748,24.551603,0.30257958
2019-01-01,46.747643,24.528269,0.26357055
2019-01-01,46.694294,24.516613,0.27368715
2019-01-01,46.640423,24.504839,0.22749713
2019-01-01,46.999386,24.606743,0.26042494
2019-01-01,46.94689,24.59507,0.2375662
2019-01-01,46.89392,24.583273,0.36510706
2019-01-01,46.84104,24.571474,0.42638025
2019-01-01,46.801258,24.53996,0.2041123
2019-01-01,46.734047,24.547537,0.4425959
2019-01-01,46.787663,24.559542,0.46245903
2019-01-01,46.820316,24.652872,0.4752271
2019-01-01,46.92588,24.67581,0.22467245
2019-01-01,46.978806,24.687283,0.22412276
2019-01-01,46.873043,24.664345,0.25090733
2019-01-01,46.71275,24.629416,0.40049747
2019-01-01,46.62681,24.52346,0.18038818
2019-01-01,46.68072,24.535576,0.38314784
2019-01-01,46.57245,24.511219,0.17221098
2019-03-01,46.775555,24.84631,1.1461556
2019-03-01,46.582767,24.787922,1.2922523
2019-03-01,46.84193,24.862005,1.1329972
2019-03-01,46.908394,24.877693,1.2323846
2019-03-01,46.974113,24.89317,1.3633823
2019-03-01,46.51405,24.771961,1.2502422
2019-03-01,46.651127,24.803762,1.1923449
2019-03-01,46.984337,24.880482,1.3989488
2019-03-01,46.785458,24.834797,1.3581553
2019-03-01,46.851967,24.85011,1.1962835
2019-03-01,46.91852,24.865395,1.1883608
2019-03-01,46.539364,24.681227,1.131148
2019-03-01,46.60749,24.697458,1.2359326
2019-03-01,46.709023,24.830536,1.2236104
2019-03-01,46.718746,24.8194,1.2185235
2019-03-01,46.573345,24.79826,1.270643
2019-03-01,46.80567,24.963188,1.4838948
2019-03-01,46.950264,24.981426,1.159695
2019-03-01,46.5115,24.98964,1.2091897
2019-03-01,46.537243,24.89941,1.2041509
2019-03-01,46.60523,24.915619,1.2693875
2019-03-01,46.672543,24.931635,1.2374868
2019-03-01,46.739315,24.947477,1.3529891
2019-03-01,46.675514,24.713634,1.1874934
2019-03-01,46.50471,24.781885,1.2748251
2019-03-01,46.872147,24.9789,1.3679441
2019-03-01,46.54856,24.888708,1.203855
2019-03-01,46.616783,24.904541,1.2360308
2019-03-01,46.684113,24.920137,1.1183991
2019-03-01,46.75096,24.935581,1.2078708
2019-03-01,46.8175,24.950922,1.3634202
2019-03-01,46.884182,24.966259,1.242118
2019-03-01,46.93818,24.994469,1.1822308
2019-03-01,46.74342,24.729742,1.0683415
2019-03-01,46.641525,24.814497,1.2320771
2019-03-01,46.87652,24.761215,1.0053998
2019-03-01,46.723385,24.60228,1.1592166
2019-03-01,46.79142,24.617966,1.0392679
2019-03-01,46.85843,24.633389,1.1501701
2019-03-01,46.925014,24.648674,1.077796
2019-03-01,46.99157,24.663929,1.0545318
2019-03-01,46.748146,24.512253,0.8928561
2019-03-01,46.65581,24.586662,1.1440811
2019-03-01,46.81543,24.528166,0.90506047
2019-03-01,46.94897,24.559658,0.9740423
2019-03-01,46.759544,24.501108,0.8395254
2019-03-01,46.827003,24.516647,0.75558656
2019-03-01,46.894115,24.532068,1.0603008
2019-03-01,46.96076,24.547346,0.96060544
2019-03-01,46.810047,24.74552,1.2789112
2019-03-01,46.882523,24.544008,1.1185207
2019-03-01,46.51858,24.554846,0.70694786
2019-03-01,46.587708,24.57089,0.95038164
2019-03-01,46.88879,24.749062,0.9455295
2019-03-01,46.619072,24.686836,1.1242085
2019-03-01,46.687237,24.702614,1.1356258
2019-03-01,46.755245,24.718319,1.0793451
2019-03-01,46.821922,24.733688,1.2409933
2019-03-01,46.97948,24.675743,0.98952407
2019-03-01,46.955486,24.76436,1.0481097
2019-03-01,46.550873,24.671015,1.2161257
2019-03-01,46.50708,24.563807,0.86225307
2019-03-01,46.644238,24.596485,1.0838703
2019-03-01,46.71165,24.612494,1.1008286
2019-03-01,46.779583,24.628584,0.97363955
2019-03-01,46.84651,24.644413,1.159797
2019-03-01,46.912827,24.660057,1.0152233
2019-03-01,46.576218,24.580288,1.0653996
2019-03-01,46.943264,24.776941,1.1342375
2019-10-01,46.907104,24.689007,0.39520347
2019-10-01,46.69587,24.96648,0.58862126
2019-10-01,46.97155,24.81438,0.5360379
2019-10-01,46.809563,24.668697,0.43979335
2019-10-01,46.9788,24.820925,0.49704683
2019-10-01,46.914093,24.695307,0.38485974
2019-10-01,46.802925,24.661772,0.47071508
2019-10-01,46.735813,24.534773,0.48557192
2019-10-01,46.840874,24.562292,0.4350083
2019-10-01,46.94551,24.589619,0.39434856
2019-10-01,46.6376,24.51661,0.4397207
2019-10-01,46.847977,24.570335,0.39411163
2019-10-01,46.95293,24.597006,0.40437382
2019-10-01,46.63113,24.507273,0.42055658
2019-11-01,46.653923,24.84123,0.4672639
2019-11-01,46.707966,24.853075,0.44756854
2019-11-01,46.761616,24.86482,0.29874948
2019-11-01,46.815014,24.87648,0.3677821
2019-11-01,46.86859,24.88816,0.5049537
2019-11-01,46.921715,24.899714,0.61072814
2019-11-01,46.974422,24.911161,0.6636168
2019-11-01,46.5107,24.721851,0.36008283
2019-11-01,46.67523,24.758987,0.3372481
2019-11-01,46.62053,24.746662,0.34886262
2019-11-01,46.59908,24.829193,0.47557032
2019-11-01,46.729523,24.771193,0.27456096
2019-11-01,46.783028,24.783195,0.35858047
2019-11-01,46.83625,24.795122,0.4299635
2019-11-01,46.889633,24.807062,0.4957158
2019-11-01,46.9427,24.818903,0.36877632
2019-11-01,46.995144,24.830585,0.5419488
2019-11-01,46.523987,24.703814,0.34047818
2019-11-01,46.565556,24.734253,0.35496706
2019-11-01,46.544052,24.817085,0.39628378
2019-11-01,46.856354,24.90931,0.5216868
2019-11-01,46.90955,24.921198,0.5124874
2019-11-01,46.578945,24.715912,0.35985476
2019-11-01,46.60682,24.96221,0.5003616
2019-11-01,46.660866,24.974394,0.4170144
2019-11-01,46.714622,24.986486,0.3960161
2019-11-01,46.76805,24.998484,0.4396562
2019-11-01,46.510834,24.919273,0.44287965
2019-11-01,46.565647,24.93134,0.45239308
2019-11-01,46.62048,24.943398,0.50007826
2019-11-01,46.962215,24.932945,0.59573454
2019-11-01,46.67446,24.955238,0.42577335
2019-11-01,46.781796,24.978731,0.4446998
2019-11-01,46.835117,24.990368,0.38553247
2019-11-01,46.532574,24.83651,0.39827582
2019-11-01,46.587486,24.848911,0.4969262
2019-11-01,46.642185,24.861242,0.4960681
2019-11-01,46.696133,24.873384,0.3948507
2019-11-01,46.749683,24.885414,0.25973013
2019-11-01,46.80302,24.897379,0.34952223
2019-11-01,46.728313,24.967043,0.4703677
2019-11-01,46.633945,24.727999,0.33636487
2019-11-01,46.552082,24.949854,0.42138663
2019-11-01,46.743134,24.751926,0.31125337
2019-11-01,46.526066,24.506475,0.34147492
2019-11-01,46.581467,24.51899,0.34312162
2019-11-01,46.636345,24.531368,0.34502307
2019-11-01,46.69069,24.543608,0.49195603
2019-11-01,46.744633,24.555733,0.47256386
2019-11-01,46.798862,24.567892,0.548236
2019-11-01,46.85271,24.579952,0.5656449
2019-11-01,46.90601,24.591862,0.47263044
2019-11-01,46.991646,24.696432,0.43965906
2019-11-01,46.95985,24.603874,0.4558787
2019-11-01,46.704277,24.524881,0.42679965
2019-11-01,46.758255,24.536692,0.39462158
2019-11-01,46.812473,24.548536,0.3888424
2019-11-01,46.866478,24.560303,0.4700358
2019-11-01,46.919807,24.571909,0.4198819
2019-11-01,46.973682,24.583605,0.42765546
2019-11-01,46.994137,24.502398,0.4585809
2019-11-01,46.68876,24.740013,0.33599153
2019-11-01,46.595028,24.500914,0.3970083
2019-11-01,46.93873,24.684935,0.40742558
2019-11-01,46.64992,24.512972,0.38316664
2019-11-01,46.83174,24.661654,0.45020562
2019-11-01,46.885033,24.673265,0.3408728
2019-11-01,46.796745,24.763638,0.34906963
2019-11-01,46.850067,24.775265,0.38747722
2019-11-01,46.903744,24.78695,0.40555397
2019-11-01,46.956734,24.79847,0.4341668
2019-11-01,46.60087,24.633192,0.35729408
2019-11-01,46.6554,24.645472,0.3631221
2019-11-01,46.709854,24.657722,0.42971876
2019-11-01,46.76443,24.669983,0.32146835
2019-11-01,46.546013,24.620798,0.4235663
2019-11-01,46.871265,24.693905,0.32014427
2019-11-01,46.92493,24.705894,0.43875498
2019-11-01,46.977882,24.717693,0.43546966
2019-11-01,46.50356,24.589699,0.4148778
2019-11-01,46.559406,24.601997,0.4094284
2019-11-01,46.614376,24.614084,0.40038988
2019-11-01,46.668785,24.626028,0.4064144
2019-11-01,46.723316,24.637976,0.42593998
2019-11-01,46.818115,24.682014,0.38544375
2019-11-01,46.778015,24.649931,0.39065406
2020-05-01,46.93104,24.957901,0.7095549
2020-05-01,46.53837,24.756233,0.48177433
2020-05-01,46.623917,24.777729,0.5280775
2020-05-01,46.708958,24.799044,0.54106283
2020-05-01,46.79227,24.81987,0.5470481
2020-05-01,46.633556,24.77696,0.4714447
2020-05-01,46.958405,24.861235,0.68584174
2020-05-01,46.54776,24.755964,0.4666057
2020-05-01,46.84754,24.937675,0.64022756
2020-05-01,46.718655,24.797709,0.47471768
2020-05-01,46.875538,24.840631,0.5959566
2020-05-01,46.764038,24.917374,0.45386624
2020-05-01,46.557285,24.976088,0.56054336
2020-05-01,46.595615,24.87628,0.5844722
2020-05-01,46.509853,24.855263,0.5050973
2020-05-01,46.921043,24.961401,0.6720908
2020-05-01,46.83773,24.940653,0.64905715
2020-05-01,46.754475,24.919868,0.5970966
2020-05-01,46.671036,24.898977,0.52275103
2020-05-01,46.586353,24.877726,0.5919024
2020-05-01,46.5007,24.85616,0.5284166
2020-05-01,46.64234,24.996897,0.54219913
2020-05-01,46.633038,24.997927,0.5969116
2020-05-01,46.54803,24.976555,0.57197
2020-05-01,46.80214,24.81803,0.53614235
2020-05-01,46.68043,24.897,0.49959442
2020-05-01,46.885693,24.838295,0.5838523
2020-05-01,46.781322,24.598463,0.61070657
2020-05-01,46.57658,24.65702,0.49512407
2020-05-01,46.995674,24.537098,0.46442762
2020-05-01,46.911724,24.516815,0.5724541
2020-05-01,46.98617,24.540518,0.45186692
2020-05-01,46.902496,24.519741,0.5310466
2020-05-01,46.958996,24.637743,0.48731667
2020-05-01,46.8749,24.617393,0.5719414
2020-05-01,46.96868,24.858383,0.6380601
2020-05-01,46.705788,24.576319,0.558459
2020-05-01,46.62132,24.555716,0.42145643
2020-05-01,46.535526,24.534733,0.4033291
2020-05-01,46.94906,24.640215,0.49967712
2020-05-01,46.865276,24.619392,0.6038706
2020-05-01,46.790817,24.597002,0.61487126
2020-05-01,46.914238,24.741402,0.50967205
2020-05-01,46.61224,24.55615,0.47889864
2020-05-01,46.526535,24.534618,0.4313659
2020-05-01,46.921516,24.73736,0.51726556
2020-05-01,46.837215,24.716936,0.5004059
2020-05-01,46.753513,24.696596,0.45782274
2020-05-01,46.668148,24.675808,0.5218175
2020-05-01,46.58297,24.654991,0.46485078
2020-05-01,46.996468,24.761818,0.52570724
2020-05-01,46.830322,24.720516,0.5820363
2020-05-01,46.746708,24.699648,0.46422842
2020-05-01,46.66162,24.678352,0.512471
2020-05-01,46.696564,24.577272,0.5196219
2020-09-01,46.520218,24.805624,0.6129951
2020-09-01,46.6725,24.742296,0.44837445
2020-09-01,46.59907,24.607628,0.54693913
2020-09-01,46.665665,24.734018,0.42401302
2020-09-01,46.777786,24.769295,0.46777526
2020-09-01,46.559513,24.705973,0.49858248
2020-09-01,46.835274,24.888731,0.5724207
2020-09-01,46.842674,24.894495,0.5902375
2020-09-01,46.738537,24.867823,0.5524979
2020-09-01,46.63369,24.840889,0.5878645
2020-09-01,46.52689,24.813368,0.5476283
2020-09-01,46.939163,24.915972,0.8272857
2020-09-01,46.946747,24.92106,0.78410226
2020-09-01,46.70426,24.635374,0.5304667
2020-09-01,46.565933,24.714882,0.4900568
2020-09-01,46.91411,24.69047,0.5312647
2020-09-01,46.80995,24.66317,0.5548791
2020-09-01,46.95664,24.597588,0.5595912
2020-09-01,46.851765,24.570871,0.56707686
2020-09-01,46.74627,24.543905,0.553413
2020-09-01,46.949547,24.59019,0.56039244
2020-09-01,46.844963,24.56281,0.62386197
2020-09-01,46.64143,24.517021,0.5439914
2020-09-01,46.635292,24.507664,0.52247626
2020-09-01,46.918068,24.695826,0.5220342
2020-09-01,46.813553,24.669144,0.5757989
2020-09-01,46.707596,24.642017,0.5359529
2020-09-01,46.602047,24.6149,0.5705627
2020-09-01,46.739872,24.535215,0.59003437
2021-01-01,46.821716,24.96347,0.67544997
2021-01-01,46.87692,24.991543,0.661734
2021-01-01,46.686966,24.932302,0.65812474
2021-01-01,46.75455,24.947952,0.70014155
2021-01-01,46.889053,24.978994,0.63198674
2021-01-01,46.77926,24.858381,0.44689733
2021-01-01,46.84628,24.874268,0.6097703
2021-01-01,46.92345,24.87789,0.6717188
2021-01-01,46.9899,24.893152,0.7446032
2021-01-01,46.95565,24.994305,0.6635498
2021-03-01,46.86297,24.877165,0.40183383
2021-03-01,46.64879,24.714611,0.2836208
2021-03-01,46.56348,24.693205,0.26853514
2021-03-01,46.956036,24.894733,0.4998308
2021-03-01,46.872875,24.874613,0.3776867
2021-03-01,46.789253,24.854324,0.35234576
2021-03-01,46.733986,24.73593,0.2708239
2021-03-01,46.620674,24.81325,0.3397151
2021-03-01,46.53474,24.792229,0.26808175
2021-03-01,46.94605,24.897825,0.4832216
2021-03-01,46.779625,24.856388,0.214995
2021-03-01,46.65815,24.935947,0.36721522
2021-03-01,46.61134,24.814276,0.3864032
2021-03-01,46.52558,24.79273,0.27572405
2021-03-01,46.918396,24.994488,0.43162006
2021-03-01,46.834835,24.974232,0.354387
2021-03-01,46.751396,24.95396,0.32997382
2021-03-01,46.667583,24.93353,0.3438972
2021-03-01,46.582798,24.912813,0.35597312
2021-03-01,46.90826,24.998377,0.41267434
2021-03-01,46.824978,24.977652,0.34405568
2021-03-01,46.741737,24.956873,0.34521246
2021-03-01,46.817444,24.756765,0.361525
2021-03-01,46.57342,24.914684,0.32956934
2021-03-01,46.69621,24.835537,0.33473784
2021-03-01,46.90121,24.777613,0.3356746
2021-03-01,46.705696,24.833994,0.33452007
2021-03-01,46.57281,24.691744,0.28055975
2021-03-01,46.98373,24.79809,0.33624592
2021-03-01,46.984592,24.573088,0.36077717
2021-03-01,46.900497,24.552773,0.43932673
2021-03-01,46.73187,24.511871,0.36794046
2021-03-01,46.977085,24.577244,0.36522073
2021-03-01,46.893257,24.556437,0.43317628
2021-03-01,46.809223,24.53552,0.41740808
2021-03-01,46.725018,24.514503,0.4149178
2021-03-01,46.94958,24.674425,0.2849005
2021-03-01,46.86558,24.654104,0.33287224
2021-03-01,46.78165,24.633745,0.4626466
2021-03-01,46.696274,24.612976,0.41655353
2021-03-01,46.816303,24.53238,0.3251737
2021-03-01,46.525444,24.57126,0.29701895
2021-03-01,46.61159,24.59232,0.364528
2021-03-01,46.743637,24.733421,0.29054147
2021-03-01,46.658348,24.712639,0.32228667
2021-03-01,46.911396,24.774118,0.30340195
2021-03-01,46.99379,24.794035,0.34056473
2021-03-01,46.82727,24.753735,0.36720768
2021-03-01,46.60201,24.59284,0.3530375
2021-03-01,46.686512,24.614016,0.3729041
2021-03-01,46.77158,24.635277,0.38743582
2021-03-01,46.855473,24.656189,0.29258257
2021-03-01,46.93917,24.67699,0.28143382
2021-03-01,46.515926,24.571213,0.34103674
2021-07-01,46.683323,24.859837,0.44435346
2021-07-01,46.73681,24.871563,0.29042506
2021-07-01,46.79016,24.88324,0.23073006
2021-07-01,46.84336,24.894854,0.54815346
2021-07-01,46.896664,24.906485,0.6776464
2021-07-01,46.949306,24.917946,0.7616036
2021-07-01,46.541027,24.740976,0.2868005
2021-07-01,46.525295,24.956469,0.3269527
2021-07-01,46.5959,24.75339,0.49892274
2021-07-01,46.86449,24.813799,0.4693756
2021-07-01,46.704838,24.777958,0.3386901
2021-07-01,46.758305,24.789982,0.45076075
2021-07-01,46.811447,24.801908,0.58036906
2021-07-01,46.917606,24.825684,0.5082393
2021-07-01,46.970055,24.837385,0.4452463
2021-07-01,46.554554,24.721777,0.3660619
2021-07-01,46.609436,24.73387,0.28758034
2021-07-01,46.629078,24.847914,0.51844555
2021-07-01,46.6504,24.765686,0.26596576
2021-07-01,46.5744,24.83588,0.5737398
2021-07-01,46.754955,24.98453,0.2913152
2021-07-01,46.987324,24.950417,0.7173754
2021-07-01,46.664043,24.745878,0.28923815
2021-07-01,46.579815,24.968801,0.5092557
2021-07-01,46.63409,24.981062,0.5165494
2021-07-01,46.687725,24.993155,0.37973726
2021-07-01,46.538944,24.937054,0.48137555
2021-07-01,46.593567,24.949093,0.571053
2021-07-01,46.647736,24.96101,0.46739563
2021-07-01,46.70144,24.972801,0.54285306
2021-07-01,46.519382,24.823753,0.33226174
2021-07-01,46.80806,24.996141,0.2999625
2021-07-01,46.560814,24.85463,0.5054862
2021-07-01,46.61535,24.866959,0.5671229
2021-07-01,46.669506,24.879179,0.39862898
2021-07-01,46.722923,24.891207,0.35478562
2021-07-01,46.776226,24.903193,0.18661998
2021-07-01,46.82928,24.915094,0.54612434
2021-07-01,46.882477,24.92701,0.62304544
2021-07-01,46.935238,24.9388,0.591532
2021-07-01,46.505875,24.842186,0.3087459
2021-07-01,46.718533,24.757826,0.23597655
2021-07-01,46.899837,24.711786,0.27224737
2021-07-01,46.82531,24.781202,0.422733
2021-07-01,46.664963,24.549889,0.46223077
2021-07-01,46.718777,24.562008,0.441958
2021-07-01,46.77287,24.574177,0.5155403
2021-07-01,46.82668,24.58625,0.6513618
2021-07-01,46.880066,24.598213,0.63481724
2021-07-01,46.93323,24.610094,0.36976606
2021-07-01,46.986515,24.62199,0.4592556
2021-07-01,46.569134,24.506426,0.32878637
2021-07-01,46.624092,24.518526,0.28447083
2021-07-01,46.678535,24.530497,0.42932492
2021-07-01,46.732384,24.542307,0.30079427
2021-07-01,46.786453,24.55414,0.47766078
2021-07-01,46.840378,24.565922,0.38698867
2021-07-01,46.893818,24.577581,0.48041734
2021-07-01,46.947235,24.589216,0.2445781
2021-07-01,46.96755,24.507975,0.37967435
2021-07-01,46.772137,24.769571,0.35514003
2021-07-01,46.610516,24.537605,0.28936404
2021-07-01,46.5004,24.512691,0.27522248
2021-07-01,46.555714,24.525213,0.27944115
2021-07-01,46.912228,24.69119,0.39006507
2021-07-01,46.878548,24.792818,0.393142
2021-07-01,46.93188,24.804438,0.4580111
2021-07-01,46.98418,24.815807,0.3930214
2021-07-01,46.521587,24.626648,0.4942016
2021-07-01,46.57655,24.639084,0.43789434
2021-07-01,46.630997,24.651388,0.25766614
2021-07-01,46.685287,24.66363,0.4383744
2021-07-01,46.96563,24.7028,0.36732993
2021-07-01,46.793583,24.687986,0.35015786
2021-07-01,46.73963,24.675863,0.28929156
2021-07-01,46.953228,24.723726,0.5015016
2021-07-01,46.53349,24.608168,0.458965
2021-07-01,46.58855,24.620306,0.41084906
2021-07-01,46.64299,24.632282,0.28704214
2021-07-01,46.697296,24.644207,0.41376287
2021-07-01,46.751812,24.656157,0.42743596
2021-07-01,46.805798,24.66797,0.51832
2021-07-01,46.858944,24.679567,0.31171265
2021-07-01,46.846584,24.699875,0.3570841
2021-10-01,46.99562,24.996286,0.41470513
2021-10-01,46.864918,24.947662,0.3897792
2021-10-01,46.9902,24.981953,0.4192324
2021-10-01,46.87018,24.962849,0.40630376
2021-10-01,46.905674,24.850018,0.44771376
2021-10-01,46.906807,24.86294,0.4325407
2021-10-01,46.942966,24.750275,0.41565567
2021-10-01,46.948086,24.765192,0.43423933
2021-10-01,46.983154,24.65226,0.40722436
2021-10-01,46.98847,24.666138,0.400017
2022-05-01,46.82724,24.908987,0.5347417
2022-05-01,46.88135,24.920822,0.66022056
2022-05-01,46.934975,24.932526,0.7357788
2022-05-01,46.987995,24.944082,0.6856501
2022-05-01,46.520176,24.7532,0.51654166
2022-05-01,46.5758,24.765825,0.6051583
2022-05-01,46.63116,24.778368,0.4973208
2022-05-01,46.68648,24.790876,0.5599511
2022-05-01,46.794823,24.815306,0.6392453
2022-05-01,46.773308,24.89716,0.2437881
2022-05-01,46.848614,24.827402,0.60679543
2022-05-01,46.90251,24.839504,0.6104649
2022-05-01,46.955833,24.85144,0.5731084
2022-05-01,46.533382,24.735733,0.43473825
2022-05-01,46.5891,24.748043,0.50048876
2022-05-01,46.644554,24.760271,0.45192078
2022-05-01,46.699963,24.772474,0.4913377
2022-05-01,46.740845,24.80315,0.59601533
2022-05-01,46.71912,24.88527,0.373642
2022-05-01,46.609592,24.861141,0.67695314
2022-05-01,46.75443,24.784435,0.5114217
2022-05-01,46.507145,24.968754,0.82062966
2022-05-01,46.56256,24.98133,0.76156896
2022-05-01,46.61783,24.99386,0.7724092
2022-05-01,46.518726,24.950447,0.75231767
2022-05-01,46.574146,24.962704,0.7148853
2022-05-01,46.62941,24.974894,0.65699804
2022-05-01,46.683968,24.986914,0.6051289
2022-05-01,46.738308,24.998863,0.44611487
2022-05-01,46.664787,24.873312,0.53276855
2022-05-01,46.541004,24.867514,0.6631495
2022-05-01,46.6514,24.89253,0.6480355
2022-05-01,46.705666,24.904785,0.5050418
2022-05-01,46.759773,24.916985,0.33878726
2022-05-01,46.813625,24.929117,0.6438377
2022-05-01,46.86759,24.941236,0.6222844
2022-05-01,46.92123,24.953264,0.62851226
2022-05-01,46.97421,24.965128,0.522733
2022-05-01,46.554146,24.8489,0.6640722
2022-05-01,46.596256,24.880047,0.70702535
2022-05-01,46.808468,24.796288,0.6259742
2022-05-01,46.666054,24.67749,0.5440381
2022-05-01,46.916435,24.819895,0.5444744
2022-05-01,46.700996,24.575928,0.52406317
2022-05-01,46.755882,24.588306,0.68345034
2022-05-01,46.810658,24.60064,0.7235534
2022-05-01,46.86488,24.612818,0.8027911
2022-05-01,46.918613,24.624868,0.62461287
2022-05-01,46.97294,24.637033,0.5709057
2022-05-01,46.54664,24.520916,0.42627084
2022-05-01,46.602417,24.53323,0.371917
2022-05-01,46.646336,24.56358,0.5174668
2022-05-01,46.657852,24.54544,0.5602979
2022-05-01,46.76753,24.56955,0.74412394
2022-05-01,46.822285,24.581541,0.75723976
2022-05-01,46.87665,24.593428,0.78073716
2022-05-01,46.93065,24.605223,0.57909644
2022-05-01,46.984962,24.617048,0.6065885
2022-05-01,46.89776,24.511494,0.73969525
2022-05-01,46.951336,24.523493,0.6252785
2022-05-01,46.86241,24.808092,0.49522468
2022-05-01,46.71261,24.557495,0.6167332
2022-05-01,46.590977,24.551044,0.4889101
2022-05-01,46.96486,24.503332,0.6859549
2022-05-01,46.95187,24.718365,0.5500666
2022-05-01,46.535286,24.538422,0.43683574
2022-05-01,46.96976,24.831532,0.417963
2022-05-01,46.555565,24.65248,0.5001725
2022-05-01,46.61087,24.665009,0.43136272
2022-05-01,46.72117,24.689934,0.47349972
2022-05-01,46.776054,24.702303,0.52231884
2022-05-01,46.883835,24.726528,0.40061063
2022-05-01,46.93829,24.738733,0.5926848
2022-05-01,46.82994,24.714422,0.71346736
2022-05-01,46.51269,24.621902,0.48840138
2022-05-01,46.568726,24.63429,0.5075129
2022-05-01,46.624126,24.646513,0.34669158
2022-05-01,46.6793,24.658665,0.5160436
2022-05-01,46.734543,24.670809,0.5241372
2022-05-01,46.789547,24.682875,0.5804641
2022-05-01,46.84347,24.694687,0.59165484
2022-05-01,46.897545,24.706509,0.47458893
2022-05-01,46.99098,24.750519,0.5042202
2022-12-01,46.97512,24.567318,0.35174286
2022-12-01,46.94743,24.664968,0.29244316
2023-01-01,46.59192,24.547777,0.25381324
2023-01-01,46.905357,24.724186,0.30481923
2023-01-01,46.572807,24.623257,0.33214262
2023-01-01,46.660736,24.641619,0.34701777
2023-01-01,46.679638,24.566547,0.44411173
2023-01-01,46.834885,24.67781,0.47813913
2023-01-01,46.605583,24.521372,0.17192855
2023-01-01,46.69339,24.539686,0.3733246
2023-01-01,46.95286,24.59347,0.2550368
2023-01-01,46.885277,24.501436,0.10893099
2023-01-01,46.970673,24.51952,0.275814
2023-01-01,46.766712,24.58513,0.4392491
2023-10-01,46.799145,24.907032,0.26582965
2023-10-01,46.883305,24.927458,0.56520665
2023-10-01,46.966602,24.947615,0.52872086
2023-10-01,46.573048,24.74586,0.26393065
2023-10-01,46.658924,24.767403,0.20081241
2023-10-01,46.911186,24.830366,0.43678242
2023-10-01,46.82734,24.809486,0.32688978
2023-10-01,46.994003,24.85092,0.46232626
2023-10-01,46.58206,24.744526,0.22568767
2023-10-01,46.50005,24.946157,0.2622758
2023-10-01,46.743835,24.788649,0.21382296
2023-10-01,46.71527,24.886625,0.29736024
2023-10-01,46.95665,24.950592,0.47495946
2023-10-01,46.544735,24.844969,0.26009575
2023-10-01,46.87338,24.929878,0.5224693
2023-10-01,46.7895,24.908962,0.297336
2023-10-01,46.705826,24.88805,0.33320564
2023-10-01,46.6213,24.866863,0.39020476
2023-10-01,46.535492,24.845299,0.2551429
2023-10-01,46.67723,24.986029,0.37768868
2023-10-01,46.59233,24.965284,0.43957713
2023-10-01,46.506374,24.944223,0.2837389
2023-10-01,46.670612,24.989017,0.39207157
2023-10-01,46.585815,24.967745,0.43022573
2023-10-01,46.75316,24.786264,0.15478209
2023-10-01,46.63067,24.865988,0.3308867
2023-10-01,46.836887,24.806608,0.275284
2023-10-01,46.668167,24.76556,0.18280798
2023-10-01,46.52497,24.623962,0.24530242
2023-10-01,46.947147,24.505873,0.39682811
2023-10-01,46.937515,24.508091,0.37266955
2023-10-01,46.994495,24.6262,0.27875182
2023-10-01,46.910187,24.60584,0.28772277
2023-10-01,46.825897,24.585417,0.3267255
2023-10-01,46.740677,24.564714,0.3139812
2023-10-01,46.655922,24.544067,0.21182619
2023-10-01,46.57013,24.523115,0.19729067
2023-10-01,46.98726,24.630404,0.27026477
2023-10-01,46.903027,24.609497,0.32627174
2023-10-01,46.818974,24.588573,0.3327785
2023-10-01,46.73395,24.56736,0.30663148
2023-10-01,46.920986,24.826984,0.3529428
2023-10-01,46.563778,24.524738,0.19030547
2023-10-01,46.610836,24.64554,0.2245646
2023-10-01,46.696056,24.666883,0.24530187
2023-10-01,46.781498,24.688232,0.17310688
2023-10-01,46.64944,24.546217,0.22174452
2023-10-01,46.949516,24.730066,0.3354004
2023-10-01,46.86508,24.709076,0.22900416
2023-10-01,46.620235,24.645096,0.21933436
2023-10-01,46.70573,24.665941,0.257603
2023-10-01,46.791267,24.686749,0.25949293
2023-10-01,46.87513,24.707088,0.2293759
2023-10-01,46.959652,24.727528,0.30491844
2023-10-01,46.534283,24.624073,0.22209704
2023-11-01,46.590454,24.79811,0.46018735
2023-11-01,46.678093,24.816801,0.481425
2023-11-01,46.764313,24.835135,0.5025386
2023-11-01,46.84979,24.85325,0.55652446
2023-11-01,46.865177,24.825346,0.5666227
2023-11-01,46.51707,24.753107,0.4064531
2023-11-01,46.605476,24.771544,0.45891502
2023-11-01,46.693268,24.789787,0.39160773
2023-11-01,46.77957,24.80767,0.44680268
2023-11-01,46.502026,24.779184,0.4202608
2023-11-01,46.93479,24.871214,0.80955344
2023-11-01,46.916847,24.944744,0.829771
2023-11-01,46.90274,24.97405,0.603478
2023-11-01,46.74577,24.90942,0.3708804
2023-11-01,46.659466,24.89152,0.50538385
2023-11-01,46.571823,24.873276,0.51751226
2023-11-01,46.986645,24.99174,0.6584839
2023-11-01,46.817528,24.95603,0.5191221
2023-11-01,46.731953,24.937868,0.516333
2023-11-01,46.64571,24.91952,0.66696805
2023-11-01,46.558228,24.90083,0.5185623
2023-11-01,46.626877,24.994188,0.65035623
2023-11-01,46.539093,24.975903,0.49080518
2023-11-01,46.95024,24.842867,0.6566453
2023-11-01,46.83149,24.927147,0.5821479
2023-11-01,46.536007,24.677546,0.45314398
2023-11-01,46.798065,24.73338,0.38552096
2023-11-01,46.71162,24.715017,0.404946
2023-11-01,46.96405,24.518179,0.6414248
2023-11-01,46.624065,24.69636,0.4419983
2023-11-01,46.95021,24.547092,0.56362695
2023-11-01,46.864765,24.529045,0.55941886
2023-11-01,46.778263,24.510712,0.48571792
2023-11-01,46.93238,24.621073,0.5443889
2023-11-01,46.846596,24.603394,0.654153
2023-11-01,46.75993,24.585482,0.5504709
2023-11-01,46.672756,24.567402,0.5035139
2023-11-01,46.584858,24.54912,0.427993
2023-11-01,46.91703,24.648993,0.4951082
2023-11-01,46.83161,24.630926,0.5555343
2023-11-01,46.878555,24.500574,0.67532396
2023-11-01,46.65778,24.593983,0.4625015
2023-11-01,46.569958,24.575243,0.4730661
2023-11-01,46.983955,24.74041,0.5706833
2023-11-01,46.899,24.722935,0.439843
2023-11-01,46.81321,24.70523,0.4200386
2023-11-01,46.72661,24.687305,0.41591427
2023-11-01,46.638966,24.669111,0.41462764
2023-11-01,46.550915,24.650768,0.48683313
2023-11-01,46.96862,24.769432,0.58646595
2023-11-01,46.88368,24.7515,0.45263624
2023-11-01,46.744934,24.612532,0.50633246
2024-02-01,46.86379,24.940441,0.31132326
2024-02-01,46.96633,24.966494,0.32631907
2024-02-01,46.5845,24.754005,0.16532291
2024-02-01,46.5881,24.76044,0.161415
2024-02-01,46.79263,24.808662,0.20485198
2024-02-01,46.895382,24.83552,0.24111924
2024-02-01,46.997314,24.862083,0.2796308
2024-02-01,46.7607,24.914158,0.17455876
2024-02-01,46.689613,24.781652,0.18707378
2024-02-01,46.505707,24.951847,0.11452654
2024-02-01,46.75304,24.90711,0.19525272
2024-02-01,46.55267,24.860876,0.1661416
2024-02-01,46.95823,24.960756,0.27631104
2024-02-01,46.855743,24.93401,0.29496887
2024-02-01,46.65013,24.880085,0.20600717
2024-02-01,46.5454,24.852486,0.1482885
2024-02-01,46.61756,24.9861,0.21778183
2024-02-01,46.512375,24.95907,0.12628132
2024-02-01,46.61058,24.979527,0.22200154
2024-02-01,46.69352,24.787455,0.16224661
2024-02-01,46.65756,24.887777,0.18960467
2024-02-01,46.79671,24.813803,0.19080102
2024-02-01,46.66002,24.555326,0.18005648
2024-02-01,46.51519,24.625948,0.1360625
2024-02-01,46.899788,24.840046,0.22710977
2024-02-01,46.913696,24.517,0.24204609
2024-02-01,46.90612,24.509966,0.22208689
2024-02-01,46.978622,24.641956,0.15182634
2024-02-01,46.875004,24.615662,0.2050332
2024-02-01,46.666805,24.56259,0.18263742
2024-02-01,46.562027,24.535742,0.100944564
2024-02-01,46.970955,24.636616,0.14481442
2024-02-01,46.86759,24.609673,0.20180637
2024-02-01,46.763813,24.582533,0.25045398
2024-02-01,46.771023,24.589195,0.24925226
2024-02-01,46.939827,24.741636,0.16290788
2024-02-01,46.835987,24.715252,0.14356855
2024-02-01,46.73241,24.68885,0.1791955
2024-02-01,46.627247,24.661953,0.15072212
2024-02-01,46.521965,24.634943,0.14541875
2024-02-01,46.932026,24.735277,0.16367799
2024-02-01,46.828613,24.70829,0.15208548
2024-02-01,46.725033,24.681158,0.16902214
2024-02-01,46.55541,24.527811,0.11388377
2024-02-01,46.620346,24.65366,0.15400076
2024-09-01,46.56259,24.798609,0.41971758
2024-09-01,46.646393,24.818985,0.31598768
2024-09-01,46.728977,24.839008,0.47146314
2024-09-01,46.81053,24.858738,0.49881586
2024-09-01,46.590652,24.700603,0.3902586
2024-09-01,46.97342,24.897966,0.76234657
2024-09-01,46.507027,24.679703,0.37023595
2024-09-01,46.674007,24.721405,0.31784618
2024-09-01,46.96328,24.902905,0.84889305
2024-09-01,46.892403,24.878483,0.64500576
2024-09-01,46.88234,24.882902,0.70292467
2024-09-01,46.84428,24.982449,0.4709787
2024-09-01,46.719376,24.842466,0.4762387
2024-09-01,46.63688,24.821922,0.42280576
2024-09-01,46.55326,24.801039,0.43773046
2024-09-01,46.936085,24.998564,0.53632545
2024-09-01,46.854656,24.978941,0.5472001
2024-09-01,46.773037,24.959229,0.40937337
2024-09-01,46.691193,24.939405,0.4729568
2024-09-01,46.608765,24.919392,0.5246565
2024-09-01,46.525272,24.899067,0.35802534
2024-09-01,46.756992,24.742031,0.2841397
2024-09-01,46.76296,24.96227,0.38070834
2024-09-01,46.681274,24.941942,0.4882694
2024-09-01,46.800755,24.862688,0.4104886
2024-09-01,46.83831,24.762213,0.44938475
2024-09-01,46.791836,24.641796,0.43937933
2024-09-01,46.51372,24.678076,0.38760552
2024-09-01,46.598907,24.921396,0.50471026
2024-09-01,46.92048,24.558338,0.417819
2024-09-01,46.838524,24.538603,0.3979489
2024-09-01,46.755764,24.518625,0.4007928
2024-09-01,46.99264,24.581657,0.38927197
2024-09-01,46.910614,24.561409,0.45787793
2024-09-01,46.828796,24.54117,0.4345226
2024-09-01,46.746304,24.52071,0.38854557
2024-09-01,46.664314,24.50032,0.41978326
2024-09-01,46.965527,24.677822,0.35832328
2024-09-01,46.883385,24.658068,0.4403613
2024-09-01,46.801666,24.638363,0.50770384
2024-09-01,46.718304,24.618202,0.4258509
2024-09-01,46.63548,24.598125,0.35673195
2024-09-01,46.55184,24.577799,0.32352787
2024-09-01,46.955364,24.682259,0.42611337
2024-09-01,46.873444,24.662016,0.3765507
2024-09-01,46.70865,24.621138,0.42236593
2024-09-01,46.626114,24.600586,0.3420267
2024-09-01,46.542496,24.5797,0.37078124
2024-09-01,46.92799,24.778374,0.5244194
2024-09-01,46.845726,24.758553,0.3906166
2024-09-01,46.76416,24.738857,0.3069303
2024-09-01,46.68107,24.718748,0.3766939
2024-09-01,46.59751,24.698467,0.39397857
2024-09-01,46.920345,24.782509,0.54686284
2024-09-01,46.515602,24.900557,0.3456151